,mean,std
link_priority,0.31977777777777777,0.0037051848890073506
bfs,0.18033333333333332,0.00562402254881945
semantic,0.6153333333333334,0.013477003733383388
